<annotation>
	<folder>plates</folder>
	<filename>0008.png</filename>
	<path>C:\Users\Fra\Downloads\plates\0008.png</path>
	<source>
		<database>Unknown</database>
	</source>
	<size>
		<width>248</width>
		<height>71</height>
		<depth>3</depth>
	</size>
	<segmented>0</segmented>
	<object>
		<name>T</name>
		<pose>Unspecified</pose>
		<truncated>0</truncated>
		<difficult>0</difficult>
		<bndbox>
			<xmin>11</xmin>
			<ymin>23</ymin>
			<xmax>28</xmax>
			<ymax>60</ymax>
		</bndbox>
	</object>
	<object>
		<name>N</name>
		<pose>Unspecified</pose>
		<truncated>0</truncated>
		<difficult>0</difficult>
		<bndbox>
			<xmin>29</xmin>
			<ymin>23</ymin>
			<xmax>47</xmax>
			<ymax>61</ymax>
		</bndbox>
	</object>
	<object>
		<name>0</name>
		<pose>Unspecified</pose>
		<truncated>0</truncated>
		<difficult>0</difficult>
		<bndbox>
			<xmin>55</xmin>
			<ymin>24</ymin>
			<xmax>72</xmax>
			<ymax>61</ymax>
		</bndbox>
	</object>
	<object>
		<name>7</name>
		<pose>Unspecified</pose>
		<truncated>0</truncated>
		<difficult>0</difficult>
		<bndbox>
			<xmin>73</xmin>
			<ymin>23</ymin>
			<xmax>92</xmax>
			<ymax>61</ymax>
		</bndbox>
	</object>
	<object>
		<name>B</name>
		<pose>Unspecified</pose>
		<truncated>0</truncated>
		<difficult>0</difficult>
		<bndbox>
			<xmin>96</xmin>
			<ymin>23</ymin>
			<xmax>114</xmax>
			<ymax>62</ymax>
		</bndbox>
	</object>
	<object>
		<name>U</name>
		<pose>Unspecified</pose>
		<truncated>0</truncated>
		<difficult>0</difficult>
		<bndbox>
			<xmin>115</xmin>
			<ymin>23</ymin>
			<xmax>134</xmax>
			<ymax>62</ymax>
		</bndbox>
	</object>
	<object>
		<name>5</name>
		<pose>Unspecified</pose>
		<truncated>0</truncated>
		<difficult>0</difficult>
		<bndbox>
			<xmin>138</xmin>
			<ymin>24</ymin>
			<xmax>157</xmax>
			<ymax>62</ymax>
		</bndbox>
	</object>
	<object>
		<name>4</name>
		<pose>Unspecified</pose>
		<truncated>0</truncated>
		<difficult>0</difficult>
		<bndbox>
			<xmin>159</xmin>
			<ymin>24</ymin>
			<xmax>179</xmax>
			<ymax>63</ymax>
		</bndbox>
	</object>
	<object>
		<name>2</name>
		<pose>Unspecified</pose>
		<truncated>0</truncated>
		<difficult>0</difficult>
		<bndbox>
			<xmin>184</xmin>
			<ymin>23</ymin>
			<xmax>204</xmax>
			<ymax>63</ymax>
		</bndbox>
	</object>
	<object>
		<name>7</name>
		<pose>Unspecified</pose>
		<truncated>0</truncated>
		<difficult>0</difficult>
		<bndbox>
			<xmin>208</xmin>
			<ymin>23</ymin>
			<xmax>227</xmax>
			<ymax>63</ymax>
		</bndbox>
	</object>
</annotation>
