<annotation>
	<folder>plates_update</folder>
	<filename>0146.png</filename>
	<path>/home/user/Downloads/plates_update-20220204T082804Z-001/plates_update/0146.png</path>
	<source>
		<database>Unknown</database>
	</source>
	<size>
		<width>168</width>
		<height>52</height>
		<depth>3</depth>
	</size>
	<segmented>0</segmented>
	<object>
		<name>H</name>
		<pose>Unspecified</pose>
		<truncated>0</truncated>
		<difficult>0</difficult>
		<bndbox>
			<xmin>24</xmin>
			<ymin>19</ymin>
			<xmax>37</xmax>
			<ymax>34</ymax>
		</bndbox>
	</object>
	<object>
		<name>R</name>
		<pose>Unspecified</pose>
		<truncated>0</truncated>
		<difficult>0</difficult>
		<bndbox>
			<xmin>36</xmin>
			<ymin>20</ymin>
			<xmax>51</xmax>
			<ymax>35</ymax>
		</bndbox>
	</object>
	<object>
		<name>2</name>
		<pose>Unspecified</pose>
		<truncated>0</truncated>
		<difficult>0</difficult>
		<bndbox>
			<xmin>53</xmin>
			<ymin>19</ymin>
			<xmax>65</xmax>
			<ymax>34</ymax>
		</bndbox>
	</object>
	<object>
		<name>6</name>
		<pose>Unspecified</pose>
		<truncated>0</truncated>
		<difficult>0</difficult>
		<bndbox>
			<xmin>64</xmin>
			<ymin>19</ymin>
			<xmax>74</xmax>
			<ymax>33</ymax>
		</bndbox>
	</object>
	<object>
		<name>C</name>
		<pose>Unspecified</pose>
		<truncated>0</truncated>
		<difficult>0</difficult>
		<bndbox>
			<xmin>79</xmin>
			<ymin>19</ymin>
			<xmax>91</xmax>
			<ymax>34</ymax>
		</bndbox>
	</object>
	<object>
		<name>H</name>
		<pose>Unspecified</pose>
		<truncated>0</truncated>
		<difficult>0</difficult>
		<bndbox>
			<xmin>91</xmin>
			<ymin>18</ymin>
			<xmax>105</xmax>
			<ymax>33</ymax>
		</bndbox>
	</object>
	<object>
		<name>3</name>
		<pose>Unspecified</pose>
		<truncated>0</truncated>
		<difficult>0</difficult>
		<bndbox>
			<xmin>109</xmin>
			<ymin>18</ymin>
			<xmax>119</xmax>
			<ymax>34</ymax>
		</bndbox>
	</object>
	<object>
		<name>6</name>
		<pose>Unspecified</pose>
		<truncated>0</truncated>
		<difficult>0</difficult>
		<bndbox>
			<xmin>119</xmin>
			<ymin>19</ymin>
			<xmax>129</xmax>
			<ymax>33</ymax>
		</bndbox>
	</object>
	<object>
		<name>0</name>
		<pose>Unspecified</pose>
		<truncated>0</truncated>
		<difficult>0</difficult>
		<bndbox>
			<xmin>129</xmin>
			<ymin>19</ymin>
			<xmax>138</xmax>
			<ymax>33</ymax>
		</bndbox>
	</object>
	<object>
		<name>4</name>
		<pose>Unspecified</pose>
		<truncated>0</truncated>
		<difficult>0</difficult>
		<bndbox>
			<xmin>138</xmin>
			<ymin>19</ymin>
			<xmax>149</xmax>
			<ymax>34</ymax>
		</bndbox>
	</object>
</annotation>
